<?xml version="1.0" encoding="UTF-8"?>
<configuration scan="true" scanPeriod="15 seconds">

        <property name="LOG_DIR" value="/var/log/ppcJobMonitor"/>

        <appender name="CONSOLE" class="ch.qos.logback.core.ConsoleAppender">
                <encoder>
                        <Pattern>%d{HH:mm:ss.SSS} [%thread] %.-5level %logger{36} - %msg%n
                        </Pattern>
                </encoder>
        </appender>

        <appender name="FILE" class="ch.qos.logback.core.rolling.RollingFileAppender">
                <file>${LOG_DIR}/ppcJobMonitor.log</file>
                <rollingPolicy class="ch.qos.logback.core.rolling.TimeBasedRollingPolicy">
                <!-- daily rollover -->
                <fileNamePattern>${LOG_DIR}/ppcJobMonitor.%d{yyyy-MM-dd}.log</fileNamePattern>
                <!-- keep 30 days' worth of history capped at 3GB total size -->
                <maxHistory>30</maxHistory>
                <totalSizeCap>3GB</totalSizeCap>
        </rollingPolicy>
        <encoder>
                        <charset>UTF-8</charset>
                        <pattern>%d{yyyy-MM-dd HH:mm:ss.SSS} [%thread] %-5level %logger{35} - %msg%n</pattern>
                </encoder>
        </appender>

        <root level="INFO">
                <appender-ref ref="FILE" />
                <appender-ref ref="CONSOLE" />
        </root>
</configuration>